sentence,relation,head,head_offset,tail,tail_offset
"算法是对解题方案的准确描述，具有可行性和确定性特征",核心特征,算法,0,可行性,28
"递归法是算法设计的重要方法，通过函数自调用解决问题",基于思想,递归法,0,函数自调用,14
"快速排序的时间复杂度在最坏情况下为O(n²)",时间复杂度,快速排序,0,O(n²),24
"图的邻接矩阵存储需要O(n²)的空间复杂度",空间复杂度,邻接矩阵,3,O(n²),17
"哈希表在数据库索引中有高效的应用",应用于,哈希表,0,数据库索引,10
"分治思想将问题分解为多个相同结构的子问题",核心特征,分治思想,0,问题分解,10
"栈的后进先出特性应用于函数调用栈的实现",应用于,栈,0,函数调用栈,13
"队列的先进先出原则在打印任务调度中应用",应用于,队列,0,打印任务调度,13
"链表的插入操作在头部进行时时间复杂度为O(1)",时间复杂度,链表,0,O(1),24
"二叉搜索树的平衡性影响其操作时间复杂度",具有性质,二叉搜索树,0,平衡性,7
"动态规划要求问题具有最优子结构性质",适用于,动态规划,0,最优子结构,15
"贪心算法每次做出局部最优选择",实现方式,贪心算法,0,局部最优选择,12
"深度优先搜索使用递归方式实现图遍历",实现方式,深度优先搜索,0,递归,15
"广度优先搜索需要队列存储待访问节点",使用数据结构,广度优先搜索,0,队列,13
"归并排序的空间复杂度是O(n)",空间复杂度,归并排序,0,O(n),16
"堆排序采用堆数据结构实现高效排序",使用数据结构,堆排序,0,堆,10
"顺序表的随机访问时间复杂度为O(1)",时间复杂度,顺序表,0,O(1),16
"树形结构的非终端节点称为内部节点",包含成员,树形结构,0,内部节点,12
"图的遍历包括深度优先和广度优先两种方法",支持操作,图,0,遍历,4
"二分查找要求数据集必须预先排序",适用于,二分查找,0,预先排序,15
"冒泡排序通过相邻元素交换实现排序",实现方式,冒泡排序,0,相邻元素交换,12
"插入排序在小型数据集上效率较高",适用于,插入排序,0,小型数据集,10
"选择排序每次选择最小元素放到前端",实现方式,选择排序,0,选择最小元素,12
"希尔排序是插入排序的高效改进版本",采用优化,希尔排序,0,插入排序,8
"快速排序的递归实现需要栈空间",空间复杂度,快速排序,0,栈空间,15
"平衡二叉树的旋转操作保持平衡性",支持操作,平衡二叉树,0,旋转操作,8
"哈希冲突解决方法包括链地址法",实现方式,哈希冲突,0,链地址法,11
"拓扑排序适用于有向无环图的排序",适用于,拓扑排序,0,有向无环图,12
"哈夫曼编码使用优先队列实现压缩",使用数据结构,哈夫曼编码,0,优先队列,12
"并查集的路径压缩优化减少查找时间",采用优化,并查集,0,路径压缩,11
"KMP算法通过部分匹配表提高匹配效率",基于思想,KMP算法,0,部分匹配表,11
"红黑树通过颜色标记保持近似平衡",实现方式,红黑树,0,颜色标记,8
"B树在文件系统中实现高效磁盘访问",应用于,B树,0,文件系统,10
"布隆过滤器在缓存系统中减少查询",应用于,布隆过滤器,0,缓存系统,13
"斐波那契堆有O(1)摊还的插入复杂度",时间复杂度,斐波那契堆,0,O(1),21
"双端队列支持两端O(1)时间操作",支持操作,双端队列,0,O(1),16
"递归算法的边界条件终止递归过程",核心特征,递归算法,0,边界条件,10
"回溯法通过尝试所有可能解求解问题",实现方式,回溯法,0,尝试所有可能解,12
"分支限界法使用优先队列管理节点",使用数据结构,分支限界法,0,优先队列,14
"堆的插入操作时间复杂度是O(log n)",时间复杂度,堆,0,O(log n),19
"图的邻接表在稀疏图中节省空间",适用于,邻接表,3,稀疏图,15
"动态规划的状态转移方程定义递推",核心特征,动态规划,0,状态转移方程,12
"快速选择算法是快速排序的变体",采用优化,快速选择算法,0,快速排序,16
"桶排序适用于均匀分布的数据集",适用于,桶排序,0,均匀分布,12
"基数排序的LSD实现从最低位处理",实现方式,基数排序,0,LSD,14
"计数排序要求数据范围不能太大",适用于,计数排序,0,数据范围小,15
"AVL树的四种旋转情况保持平衡",支持操作,AVL树,0,旋转,13
"跳表通过概率平衡替代树旋转",采用优化,跳表,0,概率平衡,10
"迪杰斯特拉算法使用优先队列优化",使用数据结构,迪杰斯特拉算法,0,优先队列,21
"A*搜索算法使用启发函数指导方向",采用优化,A*搜索算法,0,启发函数,18
"LRU缓存通过哈希表和链表实现",实现方式,LRU缓存,0,哈希表和链表,14